{"PobleSec/val_mse": 0.04481598734855652, "PobleSec/val_rmse": 0.2116978680774951, "PobleSec/val_mae": 0.08589881658554077, "PobleSec/val_r2": 0.6222343543119703, "PobleSec/val_nrmse": 1.1899665142049585, "PobleSec/flr": 8, "_timestamp": 1707803024.841724, "_runtime": 129.75665998458862, "_step": 23, "LesCorts/val_mse": 0.02008197270333767, "LesCorts/val_rmse": 0.14171087715252373, "LesCorts/val_mae": 0.10319268703460693, "LesCorts/val_r2": -10.863966816772162, "LesCorts/val_nrmse": 1.585751606226215, "LesCorts/flr": 8, "ElBorn/val_mse": 0.002392212161794305, "ElBorn/val_rmse": 0.048910245979695344, "ElBorn/val_mae": 0.03383220359683037, "ElBorn/val_r2": 0.3948403709874775, "ElBorn/val_nrmse": 0.5565224888405439, "ElBorn/flr": 8, "_wandb": {"runtime": 134}}