{"ElBorn/val_mse": 0.0022721211425960064, "ElBorn/val_rmse": 0.04766677189191656, "ElBorn/val_mae": 0.03174924477934837, "ElBorn/val_r2": 0.4694600926646242, "ElBorn/val_nrmse": 0.49214133805286897, "ElBorn/flr": 20, "_timestamp": 1707803461.6955914, "_runtime": 283.205135345459, "_step": 59, "LesCorts/val_mse": 0.018394455313682556, "LesCorts/val_rmse": 0.13562616013764658, "LesCorts/val_mae": 0.09589883685112, "LesCorts/val_r2": -5.436269866988058, "LesCorts/val_nrmse": 1.467602000073931, "LesCorts/flr": 20, "PobleSec/val_mse": 0.04355718940496445, "PobleSec/val_rmse": 0.20870359221864018, "PobleSec/val_mae": 0.08094101399183273, "PobleSec/val_r2": 0.638700378336476, "PobleSec/val_nrmse": 1.18059317434332, "PobleSec/flr": 20, "_wandb": {"runtime": 282}}