{"ElBorn/val_mse": 0.0016252808272838593, "ElBorn/val_rmse": 0.04031477182477732, "ElBorn/val_mae": 0.02790629304945469, "ElBorn/val_r2": 0.5798158691156823, "ElBorn/val_nrmse": 0.5147789857939962, "ElBorn/flr": 20, "_timestamp": 1706813174.9987283, "_runtime": 132.89239525794983, "_step": 59, "LesCorts/val_mse": 0.022212620824575424, "LesCorts/val_rmse": 0.14903899095396286, "LesCorts/val_mae": 0.09505678713321686, "LesCorts/val_r2": -3.238999861871478, "LesCorts/val_nrmse": 1.1954873286650387, "LesCorts/flr": 20, "PobleSec/val_mse": 0.04509858042001724, "PobleSec/val_rmse": 0.21236426351911764, "PobleSec/val_mae": 0.07627089321613312, "PobleSec/val_r2": 0.6446406484145248, "PobleSec/val_nrmse": 1.2113803495355875, "PobleSec/flr": 20, "_wandb": {"runtime": 132}}