{"PobleSec/val_mse": 0.04666615650057793, "PobleSec/val_rmse": 0.21602350913865354, "PobleSec/val_mae": 0.09876863658428192, "PobleSec/val_r2": 0.5143593312506366, "PobleSec/val_nrmse": 1.1810383819550345, "PobleSec/flr": 20, "_timestamp": 1706993434.3581128, "_runtime": 154.21423292160034, "_step": 59, "ElBorn/val_mse": 0.008875133469700813, "ElBorn/val_rmse": 0.09420792678804057, "ElBorn/val_mae": 0.05662230774760246, "ElBorn/val_r2": -0.43191842635489897, "ElBorn/val_nrmse": 0.5195914004578923, "ElBorn/flr": 20, "LesCorts/val_mse": 0.02528737485408783, "LesCorts/val_rmse": 0.15902004544738324, "LesCorts/val_mae": 0.12363211065530777, "LesCorts/val_r2": -18.93320353177707, "LesCorts/val_nrmse": 2.3502925053040267, "LesCorts/flr": 20, "_wandb": {"runtime": 153}}