{"LesCorts/val_mse": 0.01844330132007599, "LesCorts/val_rmse": 0.135806116651924, "LesCorts/val_mae": 0.0936986654996872, "LesCorts/val_r2": -5.702946806833575, "LesCorts/val_nrmse": 1.580585255366727, "LesCorts/flr": 20, "_timestamp": 1707076142.489669, "_runtime": 204.6566460132599, "_step": 59, "PobleSec/val_mse": 0.04348911717534065, "PobleSec/val_rmse": 0.20854044493896298, "PobleSec/val_mae": 0.07858296483755112, "PobleSec/val_r2": 0.650211358821829, "PobleSec/val_nrmse": 1.1831104519249118, "PobleSec/flr": 20, "ElBorn/val_mse": 0.001391528407111764, "ElBorn/val_rmse": 0.037303195668893625, "ElBorn/val_mae": 0.026540745049715042, "ElBorn/val_r2": 0.5505719713555584, "ElBorn/val_nrmse": 0.502858799265653, "ElBorn/flr": 20, "_wandb": {"runtime": 204}}