{"PobleSec/val_mse": 0.04342728108167648, "PobleSec/val_rmse": 0.2083921329649382, "PobleSec/val_mae": 0.0798879861831665, "PobleSec/val_r2": 0.645103561531377, "PobleSec/val_nrmse": 1.1813154892392665, "PobleSec/flr": 20, "_timestamp": 1707068933.0832415, "_runtime": 177.46998143196106, "_step": 59, "ElBorn/val_mse": 0.0018071836093440652, "ElBorn/val_rmse": 0.04251098222041059, "ElBorn/val_mae": 0.028837356716394424, "ElBorn/val_r2": 0.5243965084186368, "ElBorn/val_nrmse": 0.49405811730001764, "ElBorn/flr": 20, "LesCorts/val_mse": 0.018431687727570534, "LesCorts/val_rmse": 0.1357633519311104, "LesCorts/val_mae": 0.09695368260145187, "LesCorts/val_r2": -7.603798714200221, "LesCorts/val_nrmse": 1.6723783033719957, "LesCorts/flr": 20, "_wandb": {"runtime": 177}}