{"PobleSec/val_mse": 0.044860683381557465, "PobleSec/val_rmse": 0.21180340738892153, "PobleSec/val_mae": 0.08887781202793121, "PobleSec/val_r2": 0.5903862067761061, "PobleSec/val_nrmse": 1.184187450805273, "PobleSec/flr": 20, "_timestamp": 1707002788.3350892, "_runtime": 160.7075753211975, "_step": 59, "LesCorts/val_mse": 0.0212553683668375, "LesCorts/val_rmse": 0.14579220955468608, "LesCorts/val_mae": 0.10971249639987946, "LesCorts/val_r2": -11.620367178156624, "LesCorts/val_nrmse": 1.8140398141056826, "LesCorts/flr": 20, "ElBorn/val_mse": 0.005052590277045965, "ElBorn/val_rmse": 0.07108157480701989, "ElBorn/val_mae": 0.045702312141656876, "ElBorn/val_r2": -0.013035300355042856, "ElBorn/val_nrmse": 0.5903852411764836, "ElBorn/flr": 20, "_wandb": {"runtime": 160}}