{"ElBorn/val_mse": 0.0007609680178575218, "ElBorn/val_rmse": 0.027585648766297335, "ElBorn/val_mae": 0.017759468406438828, "ElBorn/val_r2": 0.73056806737358, "ElBorn/val_nrmse": 0.46465876376661563, "ElBorn/flr": 10, "_timestamp": 1706812460.522637, "_runtime": 66.47391200065613, "_step": 29, "LesCorts/val_mse": 0.020994883030653, "LesCorts/val_rmse": 0.14489611116469966, "LesCorts/val_mae": 0.08854597806930542, "LesCorts/val_r2": -3.010870310971304, "LesCorts/val_nrmse": 0.9721765982317283, "LesCorts/flr": 10, "PobleSec/val_mse": 0.04356340318918228, "PobleSec/val_rmse": 0.20871847831273177, "PobleSec/val_mae": 0.07493840903043747, "PobleSec/val_r2": 0.6545919728439492, "PobleSec/val_nrmse": 1.1865949388251131, "PobleSec/flr": 10, "_wandb": {"runtime": 66}}