{"ElBorn/val_mse": 0.00108977104537189, "ElBorn/val_rmse": 0.03301168043847344, "ElBorn/val_mae": 0.022854425013065338, "ElBorn/val_r2": 0.6341595853558186, "ElBorn/val_nrmse": 0.47651284855302944, "ElBorn/flr": 20, "_timestamp": 1706827695.4136033, "_runtime": 204.65125942230225, "_step": 59, "PobleSec/val_mse": 0.043471675366163254, "PobleSec/val_rmse": 0.208498621976653, "PobleSec/val_mae": 0.07750935852527618, "PobleSec/val_r2": 0.6537834732030218, "PobleSec/val_nrmse": 1.1867971194373097, "PobleSec/flr": 20, "LesCorts/val_mse": 0.019232533872127533, "LesCorts/val_rmse": 0.13868141141525614, "LesCorts/val_mae": 0.09578196704387665, "LesCorts/val_r2": -8.523068917499025, "LesCorts/val_nrmse": 1.7627671384361967, "LesCorts/flr": 20, "_wandb": {"runtime": 202}}