{"PobleSec/val_mse": 0.04344236105680466, "PobleSec/val_rmse": 0.20842831155292857, "PobleSec/val_mae": 0.07858151197433472, "PobleSec/val_r2": 0.6491803388492817, "PobleSec/val_nrmse": 1.1830511244708646, "PobleSec/flr": 20, "_timestamp": 1707069601.4837804, "_runtime": 177.80876541137695, "_step": 59, "LesCorts/val_mse": 0.018114212900400162, "LesCorts/val_rmse": 0.1345890519336553, "LesCorts/val_mae": 0.09278663247823715, "LesCorts/val_r2": -5.323847449719115, "LesCorts/val_nrmse": 1.5159396046254698, "LesCorts/flr": 20, "ElBorn/val_mse": 0.0014254932757467031, "ElBorn/val_rmse": 0.037755705207911334, "ElBorn/val_mae": 0.026541179046034813, "ElBorn/val_r2": 0.5590021963071441, "ElBorn/val_nrmse": 0.5091203008537803, "ElBorn/flr": 20, "_wandb": {"runtime": 177}}