{"LesCorts/val_mse": 0.018406126648187637, "LesCorts/val_rmse": 0.1356691809077789, "LesCorts/val_mae": 0.09662187844514847, "LesCorts/val_r2": -7.705704696729134, "LesCorts/val_nrmse": 1.6791098476826039, "LesCorts/flr": 20, "_timestamp": 1706990132.73002, "_runtime": 142.91769695281982, "_step": 59, "ElBorn/val_mse": 0.0017125345766544342, "ElBorn/val_rmse": 0.04138278116142551, "ElBorn/val_mae": 0.02817652001976967, "ElBorn/val_r2": 0.5367290957109522, "ElBorn/val_nrmse": 0.4931484959472504, "ElBorn/flr": 20, "PobleSec/val_mse": 0.043402619659900665, "PobleSec/val_rmse": 0.20833295385008266, "PobleSec/val_mae": 0.07966498285531998, "PobleSec/val_r2": 0.6461504762295218, "PobleSec/val_nrmse": 1.1814718802444313, "PobleSec/flr": 20, "_wandb": {"runtime": 142}}