{"ElBorn_0/val_mse": 0.0008053673664107919, "ElBorn_0/val_rmse": 0.028378995162105226, "ElBorn_0/val_mae": 0.019169481471180916, "ElBorn_0/val_r2": 0.680037641443883, "ElBorn_0/val_nrmse": 0.4736758432224307, "ElBorn_0/flr": 20, "_timestamp": 1706819811.9791281, "_runtime": 485.37712001800537, "_step": 299, "ElBorn_1/val_mse": 0.0008053673664107919, "ElBorn_1/val_rmse": 0.028378995162105226, "ElBorn_1/val_mae": 0.019169481471180916, "ElBorn_1/val_r2": 0.680037641443883, "ElBorn_1/val_nrmse": 0.4736758432224307, "ElBorn_1/flr": 20, "ElBorn_2/val_mse": 0.0008053673664107919, "ElBorn_2/val_rmse": 0.028378995162105226, "ElBorn_2/val_mae": 0.019169481471180916, "ElBorn_2/val_r2": 0.680037641443883, "ElBorn_2/val_nrmse": 0.4736758432224307, "ElBorn_2/flr": 20, "ElBorn_3/val_mse": 0.0008053673664107919, "ElBorn_3/val_rmse": 0.028378995162105226, "ElBorn_3/val_mae": 0.019169481471180916, "ElBorn_3/val_r2": 0.680037641443883, "ElBorn_3/val_nrmse": 0.4736758432224307, "ElBorn_3/flr": 20, "ElBorn_4/val_mse": 0.0008053673664107919, "ElBorn_4/val_rmse": 0.028378995162105226, "ElBorn_4/val_mae": 0.019169481471180916, "ElBorn_4/val_r2": 0.680037641443883, "ElBorn_4/val_nrmse": 0.4736758432224307, "ElBorn_4/flr": 20, "LesCorts_0/val_mse": 0.01891935057938099, "LesCorts_0/val_rmse": 0.13754763022088382, "LesCorts_0/val_mae": 0.09329519420862198, "LesCorts_0/val_r2": -9.023682362004653, "LesCorts_0/val_nrmse": 1.7353731373811128, "LesCorts_0/flr": 20, "LesCorts_1/val_mse": 0.01891935057938099, "LesCorts_1/val_rmse": 0.13754763022088382, "LesCorts_1/val_mae": 0.09329519420862198, "LesCorts_1/val_r2": -9.023682362004653, "LesCorts_1/val_nrmse": 1.7353731373811128, "LesCorts_1/flr": 20, "LesCorts_2/val_mse": 0.01891935057938099, "LesCorts_2/val_rmse": 0.13754763022088382, "LesCorts_2/val_mae": 0.09329519420862198, "LesCorts_2/val_r2": -9.023682362004653, "LesCorts_2/val_nrmse": 1.7353731373811128, "LesCorts_2/flr": 20, "LesCorts_3/val_mse": 0.01891935057938099, "LesCorts_3/val_rmse": 0.13754763022088382, "LesCorts_3/val_mae": 0.09329519420862198, "LesCorts_3/val_r2": -9.023682362004653, "LesCorts_3/val_nrmse": 1.7353731373811128, "LesCorts_3/flr": 20, "LesCorts_4/val_mse": 0.01891935057938099, "LesCorts_4/val_rmse": 0.13754763022088382, "LesCorts_4/val_mae": 0.09329519420862198, "LesCorts_4/val_r2": -9.023682362004653, "LesCorts_4/val_nrmse": 1.7353731373811128, "LesCorts_4/flr": 20, "PobleSec_0/val_mse": 0.04348231852054596, "PobleSec_0/val_rmse": 0.20852414373531417, "PobleSec_0/val_mae": 0.07700890302658081, "PobleSec_0/val_r2": 0.6532089956562016, "PobleSec_0/val_nrmse": 1.186325502440313, "PobleSec_0/flr": 20, "PobleSec_1/val_mse": 0.04348231852054596, "PobleSec_1/val_rmse": 0.20852414373531417, "PobleSec_1/val_mae": 0.07700890302658081, "PobleSec_1/val_r2": 0.6532089956562016, "PobleSec_1/val_nrmse": 1.186325502440313, "PobleSec_1/flr": 20, "PobleSec_2/val_mse": 0.04348231852054596, "PobleSec_2/val_rmse": 0.20852414373531417, "PobleSec_2/val_mae": 0.07700890302658081, "PobleSec_2/val_r2": 0.6532089956562016, "PobleSec_2/val_nrmse": 1.186325502440313, "PobleSec_2/flr": 20, "PobleSec_3/val_mse": 0.04348231852054596, "PobleSec_3/val_rmse": 0.20852414373531417, "PobleSec_3/val_mae": 0.07700890302658081, "PobleSec_3/val_r2": 0.6532089956562016, "PobleSec_3/val_nrmse": 1.186325502440313, "PobleSec_3/flr": 20, "PobleSec_4/val_mse": 0.04348231852054596, "PobleSec_4/val_rmse": 0.20852414373531417, "PobleSec_4/val_mae": 0.07700890302658081, "PobleSec_4/val_r2": 0.6532089956562016, "PobleSec_4/val_nrmse": 1.186325502440313, "PobleSec_4/flr": 20, "_wandb": {"runtime": 484}}