{"PobleSec/val_mse": 0.06124965101480484, "PobleSec/val_rmse": 0.2474866683577215, "PobleSec/val_mae": 0.11437845230102539, "PobleSec/val_r2": 0.4537428075101964, "PobleSec/val_nrmse": 1.3832393175169624, "PobleSec/flr": 1, "_timestamp": 1706988080.2802436, "_runtime": 16.14049458503723, "_step": 2, "LesCorts/val_mse": 0.05828201770782471, "LesCorts/val_rmse": 0.24141668895878907, "LesCorts/val_mae": 0.1897779107093811, "LesCorts/val_r2": -96.77515907949213, "LesCorts/val_nrmse": 4.095656158925076, "LesCorts/flr": 1, "ElBorn/val_mse": 0.005412124563008547, "ElBorn/val_rmse": 0.07356714322989949, "ElBorn/val_mae": 0.05767630413174629, "ElBorn/val_r2": -0.7298466611719634, "ElBorn/val_nrmse": 0.8801852726709462, "ElBorn/flr": 1, "_wandb": {"runtime": 17}}