{"ElBorn/val_mse": 0.0016145834233611822, "ElBorn/val_rmse": 0.04018187929105833, "ElBorn/val_mae": 0.027872378006577492, "ElBorn/val_r2": 0.542510718968652, "ElBorn/val_nrmse": 0.4906066813406732, "ElBorn/flr": 20, "_timestamp": 1707078798.4533966, "_runtime": 161.53976559638977, "_step": 59, "PobleSec/val_mse": 0.043367139995098114, "PobleSec/val_rmse": 0.20824778509049768, "PobleSec/val_mae": 0.07922150194644928, "PobleSec/val_r2": 0.648394616344697, "PobleSec/val_nrmse": 1.1814172853856997, "PobleSec/flr": 20, "LesCorts/val_mse": 0.018669364973902702, "LesCorts/val_rmse": 0.13663588464932155, "LesCorts/val_mae": 0.09629981964826584, "LesCorts/val_r2": -7.394026097546392, "LesCorts/val_nrmse": 1.6994600163704277, "LesCorts/flr": 20, "_wandb": {"runtime": 161}}