{"ElBorn/val_mse": 0.0025393436662852764, "ElBorn/val_rmse": 0.0503919008004786, "ElBorn/val_mae": 0.0341750830411911, "ElBorn/val_r2": 0.46107496506121104, "ElBorn/val_nrmse": 0.5128235096359387, "ElBorn/flr": 20, "_timestamp": 1706813802.1758747, "_runtime": 134.0946125984192, "_step": 59, "LesCorts/val_mse": 0.02251552604138851, "LesCorts/val_rmse": 0.15005174454630146, "LesCorts/val_mae": 0.09761857986450195, "LesCorts/val_r2": -3.054780169198923, "LesCorts/val_nrmse": 1.1831094261954496, "LesCorts/flr": 20, "PobleSec/val_mse": 0.04567437618970871, "PobleSec/val_rmse": 0.21371564329666817, "PobleSec/val_mae": 0.0781659334897995, "PobleSec/val_r2": 0.6289101704196906, "PobleSec/val_nrmse": 1.2142895705232464, "PobleSec/flr": 20, "_wandb": {"runtime": 133}}