{"ElBorn/val_mse": 0.0015790434554219246, "ElBorn/val_rmse": 0.03973717976180399, "ElBorn/val_mae": 0.02771848998963833, "ElBorn/val_r2": 0.5396658565851796, "ElBorn/val_nrmse": 0.5057005232598295, "ElBorn/flr": 20, "_timestamp": 1707004717.6944065, "_runtime": 147.3164885044098, "_step": 59, "LesCorts/val_mse": 0.018252182751893997, "LesCorts/val_rmse": 0.1351006393467255, "LesCorts/val_mae": 0.09433098882436752, "LesCorts/val_r2": -5.7897621551611635, "LesCorts/val_nrmse": 1.5630199840344106, "LesCorts/flr": 20, "PobleSec/val_mse": 0.04342376068234444, "PobleSec/val_rmse": 0.2083836862193018, "PobleSec/val_mae": 0.07897959649562836, "PobleSec/val_r2": 0.6477085767827386, "PobleSec/val_nrmse": 1.1820249953079192, "PobleSec/flr": 20, "_wandb": {"runtime": 146}}