{"ElBorn/val_mse": 0.0015733987092971802, "ElBorn/val_rmse": 0.039666090169024476, "ElBorn/val_mae": 0.02790263295173645, "ElBorn/val_r2": 0.5275386500691157, "ElBorn/val_nrmse": 0.5069269715997277, "ElBorn/flr": 20, "_timestamp": 1707075480.896502, "_runtime": 160.43106508255005, "_step": 59, "LesCorts/val_mse": 0.01812506839632988, "LesCorts/val_rmse": 0.1346293741957151, "LesCorts/val_mae": 0.09353369474411011, "LesCorts/val_r2": -5.304126601895586, "LesCorts/val_nrmse": 1.535161745937457, "LesCorts/flr": 20, "PobleSec/val_mse": 0.04348263889551163, "PobleSec/val_rmse": 0.20852491193023348, "PobleSec/val_mae": 0.07897021621465683, "PobleSec/val_r2": 0.6476485701812129, "PobleSec/val_nrmse": 1.1825699985101747, "PobleSec/flr": 20, "_wandb": {"runtime": 159}}