{"LesCorts/val_mse": 0.019267136231064796, "LesCorts/val_rmse": 0.13880611020796166, "LesCorts/val_mae": 0.0982866883277893, "LesCorts/val_r2": -9.589957501643118, "LesCorts/val_nrmse": 1.859843292820561, "LesCorts/flr": 20, "_timestamp": 1706828434.6216447, "_runtime": 216.59634280204773, "_step": 59, "PobleSec/val_mse": 0.043508585542440414, "PobleSec/val_rmse": 0.20858711739328586, "PobleSec/val_mae": 0.07836021482944489, "PobleSec/val_r2": 0.6513128591423352, "PobleSec/val_nrmse": 1.1865408062811829, "PobleSec/flr": 20, "ElBorn/val_mse": 0.0014206661144271493, "ElBorn/val_rmse": 0.03769172474731223, "ElBorn/val_mae": 0.02621551975607872, "ElBorn/val_r2": 0.5692282470040478, "ElBorn/val_nrmse": 0.4880771597206133, "ElBorn/flr": 20, "_wandb": {"runtime": 216}}