{"ElBorn/val_mse": 0.0008711410919204354, "ElBorn/val_rmse": 0.0295150993886254, "ElBorn/val_mae": 0.019620656967163086, "ElBorn/val_r2": 0.6973453528921267, "ElBorn/val_nrmse": 0.4903862364535119, "ElBorn/flr": 20, "_timestamp": 1706812980.4823947, "_runtime": 124.51331567764282, "_step": 59, "LesCorts/val_mse": 0.020199855789542198, "LesCorts/val_rmse": 0.14212619670399332, "LesCorts/val_mae": 0.08769145607948303, "LesCorts/val_r2": -2.550145277976916, "LesCorts/val_nrmse": 1.074988206355297, "LesCorts/flr": 20, "PobleSec/val_mse": 0.04503747075796127, "PobleSec/val_rmse": 0.2122203354015851, "PobleSec/val_mae": 0.07520437240600586, "PobleSec/val_r2": 0.6497881771268983, "PobleSec/val_nrmse": 1.2123039963357267, "PobleSec/flr": 20, "_wandb": {"runtime": 123}}