{"PobleSec/val_mse": 0.0434873104095459, "PobleSec/val_rmse": 0.20853611296258953, "PobleSec/val_mae": 0.07695470750331879, "PobleSec/val_r2": 0.6533455548497746, "PobleSec/val_nrmse": 1.1863548051042256, "PobleSec/flr": 20, "_timestamp": 1706827435.8135867, "_runtime": 204.20968675613403, "_step": 59, "LesCorts/val_mse": 0.01893911324441433, "LesCorts/val_rmse": 0.13761945082151117, "LesCorts/val_mae": 0.09332595765590668, "LesCorts/val_r2": -8.922216811943258, "LesCorts/val_nrmse": 1.7339557941751207, "LesCorts/flr": 20, "ElBorn/val_mse": 0.0008099165861494839, "ElBorn/val_rmse": 0.028459033471807928, "ElBorn/val_mae": 0.01923430897295475, "ElBorn/val_r2": 0.6792794763330203, "ElBorn/val_nrmse": 0.47342486306532683, "ElBorn/flr": 20, "_wandb": {"runtime": 203}}